{"count":1,"self":11.8690944,"total":12.445794399999999,"children":{"InitializeActuators":{"count":1,"self":0.000977,"total":0.000977,"children":null},"InitializeSensors":{"count":1,"self":0.0015111,"total":0.0015111,"children":null},"AgentSendState":{"count":760,"self":0.0040904999999999995,"total":0.0955752,"children":{"CollectObservations":{"count":760,"self":0.08052369999999999,"total":0.08052369999999999,"children":null},"WriteActionMask":{"count":760,"self":0.0027616999999999997,"total":0.0027616999999999997,"children":null},"RequestDecision":{"count":760,"self":0.0081993,"total":0.0081993,"children":null}}},"DecideAction":{"count":760,"self":0.35723089999999996,"total":0.35723089999999996,"children":null},"AgentAct":{"count":760,"self":0.11979949999999999,"total":0.11979949999999999,"children":null}},"gauges":{},"metadata":{"timer_format_version":"0.1.0","start_time_seconds":"1756201175","unity_version":"2022.3.61f1c1","command_line_arguments":"D:\\Program Files\\Unity\\2022.3.61f1c1\\Editor\\Unity.exe -projectpath D:\\2\\Unity-RL-Playground\\gewu -useHub -hubIPC -cloudEnvironment production","communication_protocol_version":"1.5.0","com.unity.ml-agents_version":"3.0.0","scene_name":"G1OP","end_time_seconds":"1756201187"}}